{"class_name": "Model", "config": {"name": "model_2", "layers": [{"name": "input_3", "class_name": "InputLayer", "config": {"batch_input_shape": [null, 8], "dtype": "float32", "sparse": false, "name": "input_3"}, "inbound_nodes": []}, {"name": "dense_8", "class_name": "Dense", "config": {"name": "dense_8", "trainable": true, "dtype": "float32", "units": 16, "activation": "softmax", "use_bias": true, "kernel_initializer": {"class_name": "GlorotUniform", "config": {"seed": null}}, "bias_initializer": {"class_name": "Zeros", "config": {}}, "kernel_regularizer": null, "bias_regularizer": null, "activity_regularizer": null, "kernel_constraint": null, "bias_constraint": null}, "inbound_nodes": [["input_3", 0, 0, {}]]}, {"name": "dense_9", "class_name": "Dense", "config": {"name": "dense_9", "trainable": true, "dtype": "float32", "units": 32, "activation": "softmax", "use_bias": true, "kernel_initializer": {"class_name": "GlorotUniform", "config": {"seed": null}}, "bias_initializer": {"class_name": "Zeros", "config": {}}, "kernel_regularizer": null, "bias_regularizer": null, "activity_regularizer": null, "kernel_constraint": null, "bias_constraint": null}, "inbound_nodes": [["dense_8", 0, 0, {}]]}, {"name": "dense_10", "class_name": "Dense", "config": {"name": "dense_10", "trainable": true, "dtype": "float32", "units": 16, "activation": "softmax", "use_bias": true, "kernel_initializer": {"class_name": "GlorotUniform", "config": {"seed": null}}, "bias_initializer": {"class_name": "Zeros", "config": {}}, "kernel_regularizer": null, "bias_regularizer": null, "activity_regularizer": null, "kernel_constraint": null, "bias_constraint": null}, "inbound_nodes": [["dense_9", 0, 0, {}]]}, {"name": "dense_11", "class_name": "Dense", "config": {"name": "dense_11", "trainable": true, "dtype": "float32", "units": 8, "activation": "softmax", "use_bias": true, "kernel_initializer": {"class_name": "GlorotUniform", "config": {"seed": null}}, "bias_initializer": {"class_name": "Zeros", "config": {}}, "kernel_regularizer": null, "bias_regularizer": null, "activity_regularizer": null, "kernel_constraint": null, "bias_constraint": null}, "inbound_nodes": [["dense_10", 0, 0, {}]]}], "input_layers": ["input_3", 0, 0], "output_layers": ["dense_11", 0, 0]}, "keras_version": "2.2.4-tf", "backend": "tensorflow"}